Cod. Art.;Descripción Articulo;P.V.P
KF11020;CAMPANA INDUSTRIAL MUNDOFAN  MODELO DG EXCLUSIVE 1000X800X450;585
KF11021;CAMPANA INDUSTRIAL MUNDOFAN  MODELO DG EXCLUSIVE 1500X800X450;798
KF11022;CAMPANA INDUSTRIAL MUNDOFAN  MODELO DG EXCLUSIVE 2000X800X450;975
KF11023;CAMPANA MURAL IC EXCLUSIVE CON VENTILADOR  7/7 1/5CV 1000X800X680 FILTROS  INCLUIDOS;1145
KF11024;CAMPANA MURAL IC EXCLUSIVE CON VENTILADOR 9/9 1/2CV 1500X800X680 FILTROS  INCLUIDOS;1529
KF11025;CAMPANA MURAL IC EXCLUSIVE CON VENTILADOR 9/9 3/4CV 2000X800X680 FILTROS  INCLUIDOS;1943
KF11100;CAMPANA BAJA SILUETA TAU PARED (ECO-PLUS) 1000X750;922,64
KF11101;CAMPANA BAJA SILUETA TAU PARED (ECO-PLUS) 1000X1200;1080,7
KF11102;CAMPANA BAJA SILUETA TAU PARED (ECO-PLUS) 1500X750;1072,99
KF11103;CAMPANA BAJA SILUETA TAU PARED (ECO-PLUS) 1500X1200;1263,17
KF11104;CAMPANA BAJA SILUETA TAU PARED (ECO-PLUS) 2000X750;1225,9
KF11105;CAMPANA BAJA SILUETA TAU PARED (ECO-PLUS) 2000X1200;1452,06
KF11106;CAMPANA BAJA SILUETA TAU PARED (ECO-PLUS) 2500X750;1551,01
KF11107;CAMPANA BAJA SILUETA TAU PARED (ECO-PLUS) 2500X1200;1808,01
KF11108;CAMPANA BAJA SILUETA TAU PARED (ECO-PLUS) 3000X750;1923,66
KF11109;CAMPANA BAJA SILUETA TAU PARED (ECO-PLUS) 3000X1200;2261,62
KF11110;CAMPANA BAJA SILUETA TAU PARED (ECO-PLUS) 3500X750;2077,87
KF11111;CAMPANA BAJA SILUETA TAU PARED (ECO-PLUS) 3500X1200;2450,52
KF11112;CAMPANA BAJA SILUETA TAU PARED (ECO-PLUS) 4000X750;2230,78
KF11113;CAMPANA BAJA SILUETA TAU PARED (ECO-PLUS) 4000X1200;2639,42
KF11114;CAMPANA BAJA SILUETA TAU PARED (ECO-PLUS) 4500X750;2555,89
KF11115;CAMPANA BAJA SILUETA TAU PARED (ECO-PLUS) 4500X1200;2995,37
KF11116;CAMPANA BAJA SILUETA TAU PARED (ECO-PLUS) 5000X750;2879,71
KF11117;CAMPANA BAJA SILUETA TAU PARED (ECO-PLUS) 5000X1200;3351,31
KF11120;"CAMPANA BAJA SILUETA REVERSIBLE RHO PARED (ECO ""R"") 1000X750";1089,69
KF11121;"CAMPANA BAJA SILUETA REVERSIBLE RHO PARED (ECO ""R"") 1000X1200";1254,17
KF11122;"CAMPANA BAJA SILUETA REVERSIBLE RHO PARED (ECO ""R"") 1500X750";1273,45
KF11123;"CAMPANA BAJA SILUETA REVERSIBLE RHO PARED (ECO ""R"") 1500X1200";1472,62
KF11124;"CAMPANA BAJA SILUETA REVERSIBLE RHO PARED (ECO ""R"") 2000X750";1466,2
KF11125;"CAMPANA BAJA SILUETA REVERSIBLE RHO PARED (ECO ""R"") 2000X1200";1689,79
KF11126;"CAMPANA BAJA SILUETA REVERSIBLE RHO PARED (ECO ""R"") 2500X750";1832,43
KF11127;"CAMPANA BAJA SILUETA REVERSIBLE RHO PARED (ECO ""R"") 2500X1200";2089,43
KF11128;"CAMPANA BAJA SILUETA REVERSIBLE RHO PARED (ECO ""R"") 3000X750";2280,9
KF11129;"CAMPANA BAJA SILUETA REVERSIBLE RHO PARED (ECO ""R"") 3000X1200";2521,2
KF11130;"CAMPANA BAJA SILUETA REVERSIBLE RHO PARED (ECO ""R"") 3500X750";2481,36
KF11131;"CAMPANA BAJA SILUETA REVERSIBLE RHO PARED (ECO ""R"") 3500X1200";2742,22
KF11132;"CAMPANA BAJA SILUETA REVERSIBLE RHO PARED (ECO ""R"") 4000X750";2667,69
KF11133;"CAMPANA BAJA SILUETA REVERSIBLE RHO PARED (ECO ""R"") 4000X1200";2959,39
KF11134;"CAMPANA BAJA SILUETA REVERSIBLE RHO PARED (ECO ""R"") 4500X750";3033,92
KF11135;"CAMPANA BAJA SILUETA REVERSIBLE RHO PARED (ECO ""R"") 4500X1200";3360,31
KF11136;"CAMPANA BAJA SILUETA REVERSIBLE RHO PARED (ECO ""R"") 5000X750";3400,14
KF11137;"CAMPANA BAJA SILUETA REVERSIBLE RHO PARED (ECO ""R"") 5000X1200";3759,95
KF11138;CAMPANA BAJA SILUETA TAU MONOBLOC PARED  (ECO-PLUS) 1000X750 9/9 1/3;1583,14
KF11139;CAMPANA BAJA SILUETA TAU MONOBLOC PARED  (ECO-PLUS) 1000X1200 9/9 1/3;1747,62
KF11140;CAMPANA BAJA SILUETA TAU MONOBLOC PARED  (ECO-PLUS) 1500X750  9/9 1/3;1739,91
KF11141;CAMPANA BAJA SILUETA TAU MONOBLOC PARED  (ECO-PLUS) 1500X1200 9/9 1/3;1937,8
KF11142;CAMPANA BAJA SILUETA TAU MONOBLOC PARED (ECO-PLUS) 2000X750 9/9 1/3;1899,25
KF11143;CAMPANA BAJA SILUETA  TAU MONOBLOC PARED (ECO-PLUS) 2000X1200  9/9 1/3;2134,41
KF11144;CAMPANA BAJA SILUETA TAU MONOBLOC PARED (ECO-PLUS)  2500X750  9/9 1/3;2237,21
KF11145;CAMPANA BAJA SILUETA TAU MONOBLOC PARED  (ECO-PLUS) 2500X1200  9/9 1/3;2505,78
KF11297;CAMPANA ALFA PARED 1000x750x500 2 FILTROS (BASIC);1308,15
KF11298;CAMPANA ALFA PARED 1000x900x500 2 FILTROS (BASIC);1435,36
KF11299;CAMPANA ALFA PARED 1200x750x500 2 FILTROS (BASIC);1443,07
KF11300;CAMPANA ALFA PARED 1200x900x500 2 FILTROS (BASIC);1488,05
KF11301;CAMPANA ALFA PARED 1200x1100x500 2 FILTROS (BASIC);1506,04
KF11302;CAMPANA ALFA PARED 1200x1350x500 2 FILTROS (BASIC);1926,24
KF11303;CAMPANA ALFA PARED 1500x750x500 3 FILTROS (BASIC);1565,15
KF11304;CAMPANA ALFA PARED 1500x900x500 3 FILTROS (BASIC);1630,68
KF11305;CAMPANA ALFA PARED 1500x1100x500 3 FILTROS (BASIC);1666,67
KF11306;CAMPANA ALFA PARED 1500x1350x500 3 FILTROS (BASIC);2070,16
KF11307;CAMPANA ALFA PARED 2000x750x500 4 FILTROS (BASIC);1849,14
KF11308;CAMPANA ALFA PARED 2000x900x500 4 FILTROS (BASIC);1944,23
KF11309;CAMPANA ALFA PARED 2000x1100x500 4 FILTROS (BASIC);1989,21
KF11310;CAMPANA ALFA PARED 2000x1350x500 4 FILTROS (BASIC);2391,41
KF11311;CAMPANA ALFA PARED 2500x750x500 5 FILTROS;2313,03
KF11312;CAMPANA ALFA PARED 2500x900x500 5 FILTROS (BASIC);2378,56
KF11313;CAMPANA ALFA PARED 2500x1100x500 5 FILTROS (BASIC);2455,66
KF11314;CAMPANA ALFA PARED 2500x1350x500 5 FILTROS (BASIC);2863,01
KF11320;CAMPANA ALFA CENTRAL 1500x1400x500 6 FILTROS (BASIC);2486,51
KF11321;CAMPANA ALFA CENTRAL 1500x2100x500 6 FILTROS (BASIC);2742,22
KF11322;CAMPANA ALFA CENTRAL 2000x1400x500 8 FILTROS (BASIC);2967,1
KF11323;CAMPANA ALFA CENTRAL 2000x2100x500 8 FILTROS (BASIC);3370,59
KF11324;CAMPANA ALFA CENTRAL 2500x1400x500 10 FILTROS (BASIC);3491,39
KF11325;CAMPANA ALFA CENTRAL 2500x2100x500 10 FILTROS (BASIC);3867,89
KF11326;CAMPANA BETA PARED 1500x750 3 FILTROS (PLEIN);1924,95
KF11327;CAMPANA BETA PARED 1000x750 2 FILTROS (PLEIN);1597,28
KF11328;CAMPANA BETA PARED 1000x900 2 FILTROS (PLEIN);1747,62
KF11329;CAMPANA BETA PARED 1200x750 2 FILTROS (PLEIN);1667,95
KF11330;CAMPANA BETA PARED 1200x900 2 FILTROS (PLEIN);1790,03
KF11331;CAMPANA BETA PARED 1200x1100 2 FILTROS (PLEIN);1827,29
KF11332;CAMPANA BETA PARED 1200x1350 2 FILTROS (PLEIN);2193,52
KF11333;CAMPANA BETA PARED 1500x900 3 FILTROS (PLEIN);1973,78
KF11334;CAMPANA BETA PARED 1500x1100 3 FILTROS (PLEIN);2005,91
KF11335;CAMPANA BETA PARED 1500x1350 3 FILTROS (PLEIN);2406,83
KF11336;CAMPANA BETA PARED 2000x750 4 FILTROS (PLEIN);2251,35
KF11337;CAMPANA BETA PARED 2000x900 4 FILTROS (PLEIN);2390,13
KF11338;CAMPANA BETA PARED 2000x1100 4 FILTROS (PLEIN);2429,96
KF11339;CAMPANA BETA PARED 2000x1350 4 FILTROS (PLEIN);2915,7
KF11340;CAMPANA BETA PARED 2500x750 5 FILTROS (PLEIN);2674,12
KF11341;CAMPANA BETA PARED 2500x900 5 FILTROS (PLEIN);2846,31
KF11342;CAMPANA BETA PARED 2500x1100 5 FILTROS (PLEIN);2902,85
KF11343;CAMPANA BETA PARED 2500x1350 5 FILTROS (PLEIN);3483,68
KF11344;CAMPANA BETA PARED 3000x750 6 FILTROS (PLEIN);3351,32
KF11345;CAMPANA BETA PARED 3000x900 6 FILTROS (PLEIN);3590,33
KF11346;CAMPANA BETA PARED 3000x1100 6 FILTROS (PLEIN);3643,02
KF11347;CAMPANA BETA PARED 3000x1350 6 FILTROS (PLEIN);4371,62
KF11348;CAMPANA BETA PARED 4000x750 8 FILTROS (PLEIN);4122,33
KF11349;CAMPANA BETA PARED 4000x900 8 FILTROS (PLEIN);4464,14
KF11350;CAMPANA BETA PARED 4000x1100 8 FILTROS (PLEIN);4491,13
KF11351;CAMPANA BETA PARED 4000x1350 8 FILTROS (PLEIN);5389,36
KF11352;CAMPANA BETA PARED 5000x750 10 FILTROS (PLEIN);5001,28
KF11353;CAMPANA BETA PARED 5000x900 10 FILTROS (PLEIN);5606,52
KF11354;CAMPANA BETA PARED 5000x1100 10 FILTROS (PLEIN);5753,02
KF11355;CAMPANA BETA PARED 5000x1350 10 FILTROS (PLEIN);6799,02
KF11371;CAMPANA BETA CENTRAL 1500x1400 6 FILTROS (PLEIN);3107,17
KF11372;CAMPANA BETA CENTRAL 1500x2100 6 FILTROS (PLEIN);3335,9
KF11373;CAMPANA BETA CENTRAL 2000x1400 8 FILTROS (PLEIN);3653,3
KF11374;CAMPANA BETA CENTRAL 2000x2100 8 FILTROS (PLEIN);4097,91
KF11375;CAMPANA BETA CENTRAL 2500x1400 10 FILTROS (PLEIN);4338,21
KF11376;CAMPANA BETA CENTRAL 2500x2100 10 FILTROS (PLEIN);4689,02
KF11377;CAMPANA BETA CENTRAL 3000x1400 12 FILTROS (PLEIN);5659,21
KF11378;CAMPANA BETA CENTRAL 3000x2100 12 FILTROS (PLEIN);6121,82
KF11379;CAMPANA BETA CENTRAL 3500x1400 14 FILTROS (PLEIN);5976,61
KF11380;CAMPANA BETA CENTRAL 3500x2100 14 FILTROS (PLEIN);6834,99
KF11381;CAMPANA BETA CENTRAL 4000x1400 16 FILTROS (PLEIN);6655,1
KF11382;CAMPANA BETA CENTRAL 4000x2100 16 FILTROS (PLEIN);7546,9
KF11383;CAMPANA BETA CENTRAL 5000x1400 20 FILTROS (PLEIN);8150,84
KF11384;CAMPANA BETA CENTRAL 5000x2100 20 FILTROS (PLEIN);9135,16
KF11391;CAMPANA GAMMA PARED 1000x750 9/9 1/3 (MONOBLOC);1831,15
KF11392;CAMPANA GAMMA PARED 1000x900 9/9 1/3 (MONOBLOC);2011,05
KF11393;CAMPANA GAMMA PARED 1500x750 9/9 1/3 (MONOBLOC);2179,39
KF11394;CAMPANA GAMMA PARED 1500x750 9/9 1/2 (MONOBLOC);2251,35
KF11395;CAMPANA GAMMA PARED 1500x900 9/9 1/3 (MONOBLOC);2277,05
KF11396;CAMPANA GAMMA PARED 1500x900 9/9 1/2 (MONOBLOC);2289,9
KF11397;CAMPANA GAMMA PARED 1500x1100 9/9 1/3 (MONOBLOC);2314,31
KF11398;CAMPANA GAMMA PARED 1500x1100 9/9 1/2 (MONOBLOC);2324,59
KF11399;CAMPANA GAMMA PARED 2000x750 10/10 1/3 (MONOBLOC);2478,8
KF11401;CAMPANA GAMMA PARED 2000x750 10/10 3/4 (MONOBLOC);2559,75
KF11402;CAMPANA GAMMA PARED 2000x900 10/10 1/3 (MONOBLOC);2633
KF11404;CAMPANA GAMMA PARED 2000x900 10/10 3/4 (MONOBLOC);2720,38
KF11405;CAMPANA GAMMA PARED 2000x1100 10/10 1/3 (MONOBLOC);2699,82
KF11407;CAMPANA GAMMA PARED 2000x1100 10/10 3/4 (MONOBLOC);2802,62
KF11409;CAMPANA GAMMA PARED 2500x750 10/10 3/4 (MONOBLOC);2850,16
KF11411;CAMPANA GAMMA PARED 2500x900 10/10 3/4 (MONOBLOC);2931,12
KF11413;CAMPANA GAMMA PARED 2500x1100 10/10 3/4 (MONOBLOC);3001,79
KF11431;CAMPANA GAMMA CENTRAL 1500x1400 12/12 1 (MONOBLOC);3655,87
KF11432;CAMPANA GAMMA CENTRAL 1500x2100 12/12 1 (MONOBLOC);4065,79
KF11433;CAMPANA GAMMA CENTRAL 2000x1400 12/12 1,5 (MONOBLOC);4101,77
KF11434;CAMPANA GAMMA CENTRAL 2000x2100 12/12 1,5 (MONOBLOC);4722,43
KF11435;CAMPANA GAMMA CENTRAL 2500x1400 12/12 1,5 (MONOBLOC);4758,41
KF11436;CAMPANA GAMMA CENTRAL 2500x2100 12/12 1,5 (MONOBLOC);5634,79
KF11437;CAMPANA GAMMA CENTRAL 3000x1400 2x12/12 1 (MONOBLOC);6556,14
KF11438;CAMPANA GAMMA CENTRAL 3000x2100 2x12/12 1 (MONOBLOC);7579,01
KF11439;CAMPANA GAMMA CENTRAL 3500x1400 2x12/12 1,5 (MONOBLOC);7205,08
KF11440;CAMPANA GAMMA CENTRAL 3500x2100 2x12/12 1,5 (MONOBLOC);8235,65
KF11441;CAMPANA GAMMA CENTRAL 4000x1400 2x12/12 1,5 (MONOBLOC);7650,97
KF11442;CAMPANA GAMMA CENTRAL 4000x2100 2x12/12 1,5 (MONOBLOC);8891,01
KF11447;CAMPANA SIGMA PARED 1200x750 2 FILTROS (PLEIN COMPENSADA);2392,7
KF11448;CAMPANA SIGMA PARED 1200x900 2 FILTROS (PLEIN COMPENSADA);2408,12
KF11449;CAMPANA SIGMA PARED 1200x1100 2 FILTROS (PLEIN COMPENSADA);2460,8
KF11450;CAMPANA SIGMA PARED 1200x1350 2 FILTROS (PLEIN COMPENSADA);2774,35
KF11451;CAMPANA SIGMA PARED 1500x750 3 FILTROS (PLEIN COMPENSADA);2501,92
KF11452;CAMPANA SIGMA PARED 1500x900 3 FILTROS (PLEIN COMPENSADA);2630,43
KF11453;CAMPANA SIGMA PARED 1500x1100 3 FILTROS (PLEIN COMPENSADA);2726,8
KF11454;CAMPANA SIGMA PARED 1500x1350 3 FILTROS (PLEIN COMPENSADA);3127,73
KF11455;CAMPANA SIGMA PARED 2000x750 4 FILTROS (PLEIN COMPENSADA);3012,08
KF11456;CAMPANA SIGMA PARED 2000x900 4 FILTROS (PLEIN COMPENSADA);3141,86
KF11457;CAMPANA SIGMA PARED 2000x1100 4 FILTROS (PLEIN COMPENSADA);3211,25
KF11458;CAMPANA SIGMA PARED 2000x1350 4 FILTROS (PLEIN COMPENSADA);3698,27
KF11459;CAMPANA SIGMA PARED 2500x750 5 FILTROS (PLEIN COMPENSADA);3423,28
KF11460;CAMPANA SIGMA PARED 2500x900 5 FILTROS (PLEIN COMPENSADA);3680,28
KF11461;CAMPANA SIGMA PARED 2500x1100 5 FILTROS (PLEIN COMPENSADA);3714,98
KF11462;CAMPANA SIGMA PARED 2500x1350 5 FILTROS (PLEIN COMPENSADA);4295,8
KF11463;CAMPANA SIGMA PARED 3000x750 6 FILTROS (PLEIN COMPENSADA);4573,37
KF11464;CAMPANA SIGMA PARED 3000x900 6 FILTROS (PLEIN COMPENSADA);4876,64
KF11465;CAMPANA SIGMA PARED 3000x1100 6 FILTROS (PLEIN COMPENSADA);4924,18
KF11466;CAMPANA SIGMA PARED 3000x1350 6 FILTROS (PLEIN COMPENSADA);5652,79
KF11467;CAMPANA SIGMA PARED 4000x750 8 FILTROS (PLEIN COMPENSADA);5891,8
KF11468;CAMPANA SIGMA PARED 4000x900 8 FILTROS (PLEIN COMPENSADA);6139,81
KF11469;CAMPANA SIGMA PARED 4000x1100 8 FILTROS (PLEIN COMPENSADA);6264,45
KF11470;CAMPANA SIGMA PARED 4000x1350 8 FILTROS (PLEIN COMPENSADA);7201,23
KF11471;CAMPANA SIGMA PARED 5000x750 10 FILTROS (PLEIN COMPENSADA);6401,95
KF11472;CAMPANA SIGMA PARED 5000x900 10 FILTROS (PLEIN COMPENSADA);6914,68
KF11473;CAMPANA SIGMA PARED 5000x1100 10 FILTROS (PLEIN COMPENSADA);6958,37
KF11474;CAMPANA SIGMA PARED 5000x1350 10 FILTROS (PLEIN COMPENSADA);8045,49
KF11491;CAMPANA SIGMA CENTRAL 1500x1400 6 FILTROS (PLEIN COMPENSADA);4178,87
KF11492;CAMPANA SIGMA CENTRAL 1500x2100 6 FILTROS (PLEIN COMPENSADA);4633,76
KF11493;CAMPANA SIGMA CENTRAL 2000x1400 8 FILTROS (PLEIN COMPENSADA);5078,38
KF11494;CAMPANA SIGMA CENTRAL 2000x2100 8 FILTROS (PLEIN COMPENSADA);5578,26
KF11495;CAMPANA SIGMA CENTRAL 2500x1400 10 FILTROS (PLEIN COMPENSADA);5507,58
KF11496;CAMPANA SIGMA CENTRAL 2500x2100 10 FILTROS (PLEIN COMPENSADA);6309,43
KF11497;CAMPANA SIGMA CENTRAL 3000x1400 12 FILTROS (PLEIN COMPENSADA);7612,42
KF11498;CAMPANA SIGMA CENTRAL 3000x2100 12 FILTROS (PLEIN COMPENSADA);8329,46
KF11499;CAMPANA SIGMA CENTRAL 3500x1400 14 FILTROS (PLEIN COMPENSADA);8510,65
KF11500;CAMPANA SIGMA CENTRAL 3500x2100 14 FILTROS (PLEIN COMPENSADA);9275,23
KF11501;CAMPANA SIGMA CENTRAL 4000x1400 16 FILTROS (PLEIN COMPENSADA);9408,87
KF11502;CAMPANA SIGMA CENTRAL 4000x2100 16 FILTROS (PLEIN COMPENSADA);10219,71
KF11503;CAMPANA SIGMA CENTRAL 5000x1400 20 FILTROS (PLEIN COMPENSADA);10267,28
KF11504;CAMPANA SIGMA CENTRAL 5000x2100 20 FILTROS (PLEIN COMPENSADA);11682,06
KF11750;CAMPANA CON CORTINA DE AIRE PERIMETRAL DE PARED OMNICRON 1200X1200;4277,54
KF11751;CAMPANA CON CORTINA DE AIRE PERIMETRAL DE PARED OMNICRON 1200X1500;4874,29
KF11752;CAMPANA CON CORTINA DE AIRE PERIMETRAL DE PARED OMNICRON 1500X1200;4807,84
KF11753;CAMPANA CON CORTINA DE AIRE PERIMETRAL DE PARED OMNICRON 1500X1500;5145,08
KF11754;CAMPANA CON CORTINA DE AIRE PERIMETRAL DE PARED OMNICRON 2000X1200;5536,23
KF11755;CAMPANA CON CORTINA DE AIRE PERIMETRAL DE PARED OMNICRON 2000X1500;6168,08
KF11758;CAMPANA CON CORTINA DE AIRE PERIMETRAL DE PARED OMNICRON 2500X1200;6265,87
KF11759;CAMPANA CON CORTINA DE AIRE PERIMETRAL DE PARED OMNICRON 2500X1500;6793,66
KF11760;CAMPANA CON CORTINA DE AIRE PERIMETRAL DE PARED OMNICRON 3000X1200;8057,37
KF11761;CAMPANA CON CORTINA DE AIRE PERIMETRAL DE PARED OMNICRON 3000X1500;8736,86
KF11762;CAMPANA CON CORTINA DE AIRE PERIMETRAL DE PARED OMNICRON 3500X1200;9140,54
KF11763;CAMPANA CON CORTINA DE AIRE PERIMETRAL DE PARED OMNICRON 3500X1500;10253,81
KF11764;CAMPANA CON CORTINA DE AIRE PERIMETRAL DE PARED OMNICRON 4000X1200;10397,97
KF11765;CAMPANA CON CORTINA DE AIRE PERIMETRAL DE PARED OMNICRON 4000X1500;11517,51
KF11768;CAMPANA CON CORTINA DE AIRE PERIMETRAL DE PARED OMNICRON 4500X1200;11132,63
KF11769;CAMPANA CON CORTINA DE AIRE PERIMETRAL DE PARED OMNICRON 4500X1500;12143,09
KF11772;CAMPANA CON CORTINA DE AIRE PERIMETRAL DE PARED OMNICRON 5000X1200;11866,03
KF11773;CAMPANA CON CORTINA DE AIRE PERIMETRAL DE PARED OMNICRON 5000X1500;12768,68
KF11775;CAMPANA CON CORTINA DE AIRE PERIMETRAL CENTRAL OMNICRON 1200X2400;8116,29
KF11776;CAMPANA CON CORTINA DE AIRE PERIMETRAL CENTRAL OMNICRON 1200X3000;9227,05
KF11777;CAMPANA CON CORTINA DE AIRE PERIMETRAL CENTRAL OMNICRON 1500X2400;9176,9
KF11778;CAMPANA CON CORTINA DE AIRE PERIMETRAL CENTRAL OMNICRON 1500X3000;9769,89
KF11779;CAMPANA CON CORTINA DE AIRE PERIMETRAL CENTRAL OMNICRON 2000X2400;10632,42
KF11780;CAMPANA CON CORTINA DE AIRE PERIMETRAL CENTRAL OMNICRON 2000X3000;11815,88
KF11783;CAMPANA CON CORTINA DE AIRE PERIMETRAL CENTRAL OMNICRON 2500X2400;12091,69
KF11784;CAMPANA CON CORTINA DE AIRE PERIMETRAL CENTRAL OMNICRON 2500X3000;13067,05
KF11785;CAMPANA CON CORTINA DE AIRE PERIMETRAL CENTRAL OMNICRON 3000X2400;15674,7
KF11786;CAMPANA CON CORTINA DE AIRE PERIMETRAL CENTRAL OMNICRON 3000X3000;16953,44
KF11787;CAMPANA CON CORTINA DE AIRE PERIMETRAL CENTRAL OMNICRON 3500X2400;17841,05
KF11788;CAMPANA CON CORTINA DE AIRE PERIMETRAL CENTRAL OMNICRON 3500X3000;19987,34
KF11789;CAMPANA CON CORTINA DE AIRE PERIMETRAL CENTRAL OMNICRON 4000X2400;20355,92
KF11790;CAMPANA CON CORTINA DE AIRE PERIMETRAL CENTRAL OMNICRON 4000X3000;22695,27
KF11793;CAMPANA CON CORTINA DE AIRE PERIMETRAL CENTRAL OMNICRON 4500X2400;22705,3
KF11794;CAMPANA CON CORTINA DE AIRE PERIMETRAL CENTRAL OMNICRON 4500X3000;23764,66
KF11797;CAMPANA CON CORTINA DE AIRE PERIMETRAL CENTRAL OMNICRON 5000X2400;23512,67
KF11798;CAMPANA CON CORTINA DE AIRE PERIMETRAL CENTRAL OMNICRON 5000X3000;25276,59
KF11810;CAMPANA REVERSIBLE CENTRAL COMPENSADA LAMBDA-C 2000X1500MM;6129,53
KF11811;CAMPANA REVERSIBLE CENTRAL COMPENSADA LAMBDA-C 2000X2000MM;6567,72
KF11812;CAMPANA REVERSIBLE CENTRAL COMPENSADA LAMBDA-C 2000X2800MM;7684,38
KF11813;CAMPANA REVERSIBLE CENTRAL COMPENSADA LAMBDA-C 2500X1500MM;7279,6
KF11814;CAMPANA REVERSIBLE CENTRAL COMPENSADA  LAMBDA-C 2500X2000MM;7791,04
KF11815;CAMPANA REVERSIBLE CENTRAL COMPENSADA LAMBDA-C 2500X2800MM;8948,85
KF11816;CAMPANA REVERSIBLE CENTRAL COMPENSADA LAMBDA-C 3000X1500MM;8856,31
KF11817;CAMPANA REVERSIBLE CENTRAL COMPENSADA LAMBDA-C 3000X2000MM;9419,15
KF11818;CAMPANA REVERSIBLE CENTRAL COMPENSADA LAMBDA-C 3000X2800MM;10769,7
KF11819;CAMPANA REVERSIBLE CENTRAL COMPENSADA LAMBDA-C 3500X1500MM;10192,75
KF11820;CAMPANA REVERSIBLE CENTRAL COMPENSADA LAMBDA-C 3500X2000MM;10818,53
KF11821;CAMPANA REVERSIBLE CENTRAL  COMPENSADA LAMBDA-C 3500X2800MM;12271,9
KF11822;CAMPANA REVERSIBLE CENTRAL COMPENSADA LAMBDA-C 4000X1500MM;11529,14
KF11823;CAMPANA REVERSIBLE CENTRAL COMPENSADA LAMBDA-C 4000X2000MM;12219,19
KF11824;CAMPANA  REVERSIBLE CENTRAL COMPENSADA LAMBDA-C 4000X2800MM;13774,06
KF11825;CAMPANA REVERSIBLE CENTRAL COMPENSADA LAMBDA-C 5000X1500MM;13829,32
KF11826;CAMPANA REVERSIBLE CENTRAL COMPENSADA LAMBDA-C 5000X2000MM;14664,57
KF11827;CAMPANA REVERSIBLE CENTRAL COMPENSADA LAMBDA-C 5000X2800MM;16489,29
KF11831;CAMPANA REVERSIBLE DOBLE COLECTOR  KAPPA 2000X2000MM;4847,07
KF11832;CAMPANA REVERSIBLE  DOBLE COLECTOR KAPPA 2000x2800mm.;6069,12
KF11833;CAMPANA REVERSIBLE DOBLE COLECTOR KAPPA 2500X2000MM;5980,47
KF11834;CAMPANA REVERSIBLE DOBLE COLECTOR KAPPA 2500X2800MM;7471,07
KF11835;CAMPANA REVERSIBLE DOBLE COLECTOR KAPPA 3000X2000MM;7027,74
KF11836;CAMPANA REVERSIBLE DOBLE COLECTOR KAPPA 3000X2800MM;8756,08
KF11837;CAMPANA REVERSIBLE DOBLE COLECTOR KAPPA 3500X2000MM;7902,85
KF11838;CAMPANA REVERSIBLE DOBLE COLECTOR KAPPA 3500X2800MM;9740,4
KF11839;CAMPANA REVERSIBLE DOBLE COLECTOR KAPPA 4000X2000MM;8777,93
KF11840;CAMPANA REVERSIBLE DOBLE COLECTOR KAPPA 4000X2800MM;10678,46
KF11841;CAMPANA REVERSIBLE DOBLE COLECTOR COMPENSADA KAPPA 2000X2000MM;7187,08
KF11842;CAMPANA REVERSIBLE DOBLE COLECTOR COMPENSADA  KAPPA 2000X2800MM;8218,96
KF11843;CAMPANA REVERSIBLE DOBLE COLECTOR COMPENSADA KAPPA 2500X2000MM;8770,22
KF11844;CAMPANA REVERSIBLE DOBLE COLECTOR COMPENSADA KAPPA 2500X2800MM;9949,88
KF11845;CAMPANA REVERSIBLE DOBLE COLECTOR COMPENSADA KAPPA 3000X2000MM;9964,01
KF11846;CAMPANA REVERSIBLE DOBLE COLECTOR COMPENSADA KAPPA 3000X2800MM;11018,99
KF11847;CAMPANA REVERSIBLE DOBLE COLECTOR COMPENSADA KAPPA 3500X2000MM;11225,9
KF11848;CAMPANA REVERSIBLE DOBLE COLECTOR COMPENSADA KAPPA 3500X2800MM;13211,22
KF11849;CAMPANA REVERSIBLE DOBLE COLECTOR COMPENSADA KAPPA 4000X2000MM;12487,76
KF11851;CAMPANA DELTA PARED 1200X1100 INDUCTORA;3754,82
KF11853;CAMPANA DELTA PARED 1500X1100 INDUCTORA;4121,05
KF11855;CAMPANA DELTA PARED 2000X900 INDUCTORA;4992,29
KF11857;CAMPANA DELTA PARED 2500X900 INDUCTORA;5963,76
KF11859;CAMPANA DELTA PARED 3000X750 INDUCTORA;7483,94
KF11861;CAMPANA DELTA PARED 4000X900 INDUCTORA;9227,71
KF11863;CAMPANA DELTA PARED 5000X900 INDUCTORA;11169,36
KF11866;CAMPANA DELTA CENTRAL 1500X2100 INDUCTORA;7629,15
KF11867;CAMPANA DELTA CENTRAL 2000X1400 INDUCTORA;8238,24
KF11868;CAMPANA DELTA CENTRAL 2000X2100 INDUCTORA;9241,84
KF11869;CAMPANA DELTA CENTRAL 2500X1400 INDUCTORA;9897,2
KF11870;CAMPANA DELTA CENTRAL 2500X2100 INDUCTORA;11039,58
KF11871;CAMPANA DELTA CENTRAL 3000X1400 INDUCTORA;12401,7
KF11872;CAMPANA DELTA CENTRAL 3000X2100 INDUCTORA;13855,05
KF11873;CAMPANA DELTA CENTRAL 3500X1400 INDUCTORA;13572,34
KF11874;CAMPANA DELTA CENTRAL 3500X2100 INDUCTORA;15469,03
KF11875;CAMPANA DELTA CENTRAL 4000X1400 INDUCTORA;15111,8
KF11876;CAMPANA DELTA CENTRAL 4000X2100 INDUCTORA;17081,73
KF11877;CAMPANA DELTA CENTRAL 4500X1400 INDUCTORA;16770,75
KF11878;CAMPANA DELTA CENTRAL 4500X2100 INDUCTORA;18879,46
KF11879;CAMPANA OMEGA  1000X1000 PARA VAHOS;1225,81
KF11880;CAMPANA OMEGA 1000X1200 PARA VAHOS;1292,48
KF11881;CAMPANA OMEGA 1200X1000 PARA VAHOS;1362,78
KF11882;CAMPANA OMEGA 1200X1200 PARA VAHOS;1420,67
KF11883;CAMPANA OMEGA 1500X1000 PARA VAHOS;1586,42
KF11884;CAMPANA OMEGA 1500X1200 PARA VAHOS;1681,28
KF11885;CAMPANA OMEGA 1500X1500 PARA VAHOS;1893,79
KF11886;CAMPANA OMEGA 2000X1000 PARA VAHOS;1828,58
KF11887;CAMPANA OMEGA 2000X1200 PARA VAHOS;1977,03
KF11888;CAMPANA OMEGA 2000X1500 PARA VAHOS;2196,21
KF11889;CAMPANA OMEGA 2200X1000 PARA VAHOS;1990,49
KF11890;CAMPANA OMEGA 2200X1200 PARA VAHOS;2115,08
KF11891;CAMPANA  OMEGA 2200X1500 PARA VAHOS;2358,69
KF11892;CAMPANA OMEGA 2500X1000 PARA VAHOS;2230,79
KF11893;CAMPANA OMEGA 2500X1200 PARA VAHOS;2322,32
KF11894;CAMPANA OMEGA 2500X1500 PARA VAHOS;2629,6
KF11895;CAMPANA REVERSIBLE LAMBDA 1000X1000MM;1777,18
KF11896;CAMPANA REVERSIBLE LAMBDA 1000X1200MM;1874,84
KF11897;CAMPANA REVERSIBLE LAMBDA 1000X1500MM;2076,59
KF11899;CAMPANA REVERSIBLE LAMBDA 1200X1000MM;1973,78
KF11920;CAMPANA REVERSIBLE LAMBDA 1200X1200MM;2081,72
KF11921;CAMPANA REVERSIBLE LAMBDA 1200X1500MM;2301,46
KF11922;CAMPANA REVERSIBLE LAMBDA 1200X2000MM;2639,43
KF11923;CAMPANA REVERSIBLE LAMBDA 1500X1000MM;2368,28
KF11924;CAMPANA REVERSIBLE LAMBDA 1500X1200MM;2494,21
KF11925;CAMPANA REVERSIBLE LAMBDA 1500X1500MM;2739,65
KF11926;CAMPANA REVERSIBLE LAMBDA  1500X2000MM;3116,16
KF11927;CAMPANA REVERSIBLE LAMBDA 2000X1000MM;2904,13
KF11928;CAMPANA REVERSIBLE LAMBDA 2000X1200MM;3060,91
KF11929;CAMPANA REVERSIBLE LAMBDA 2000X1500MM;3330,76
KF11930;CAMPANA REVERSIBLE LAMBDA 2000X2000MM;3770,23
KF11931;CAMPANA REVERSIBLE LAMBDA  2200X1000MM;3136,72
KF11932;CAMPANA REVERSIBLE LAMBDA 2200X1200MM;3303,77
KF11933;CAMPANA REVERSIBLE LAMBDA 2200X1500MM;3591,62
KF11934;CAMPANA REVERSIBLE LAMBDA 2200X2000MM;4065,79
KF11935;CAMPANA REVERSIBLE LAMBDA 2500X1000MM;3599,33
KF11936;CAMPANA REVERSIBLE LAMBDA 2500X1200MM;3784,37
KF11937;CAMPANA REVERSIBLE LAMBDA  2500X1500MM;4097,91
KF11938;CAMPANA REVERSIBLE LAMBDA 2500X2000MM;4610,63
KF11939;CAMPANA REVERSIBLE LAMBDA 3000X1000MM;4281,67
KF11940;CAMPANA REVERSIBLE LAMBDA 3000X1200MM;4493,7
KF11941;CAMPANA REVERSIBLE LAMBDA 3000X1500MM;4852,21
KF11942;CAMPANA REVERSIBLE LAMBDA 3000X2000MM;5438,19
KF11943;CAMPANA REVERSIBLE LAMBDA 4000X1000MM;5354,66
KF11944;CAMPANA REVERSIBLE LAMBDA 4000X1200MM;5629,66
KF11945;CAMPANA REVERSIBLE LAMBDA 4000X1500MM;6035,72
KF11946;CAMPANA REVERSIBLE LAMBDA 4000X2000MM;6746,33
KF11950;CAMPANA REVERSIBLE COMPENSADA LAMBDA-C 1200X1000MM;2641,87
KF11951;CAMPANA REVERSIBLE COMPENSADA LAMBDA-C 1200X1200MM;2832,31
KF11952;CAMPANA REVERSIBLE COMPENSADA LAMBDA-C 1200X1500MM;3047,54
KF11953;CAMPANA REVERSIBLE COMPENSADA LAMBDA-C  1200X2000MM;3463,89
KF11954;CAMPANA REVERSIBLE COMPENSADA LAMBDA-C 1500X1000MM;3042,92
KF11955;CAMPANA REVERSIBLE COMPENSADA LAMBDA-C 1500X1200MM;3327,81
KF11956;CAMPANA REVERSIBLE COMPENSADA LAMBDA-C 1500X1500MM;3569
KF11957;CAMPANA REVERSIBLE COMPENSADA LAMBDA-C  1500X2000MM;3945,39
KF11958;CAMPANA REVERSIBLE COMPENSADA LAMBDA-C  2000X1000MM;3798,9
KF11959;CAMPANA REVERSIBLE COMPENSADA LAMBDA-C 2000X1200MM;4036,74
KF11960;CAMPANA REVERSIBLE COMPENSADA LAMBDA-C 2000X1500MM;4301,34
KF11961;CAMPANA REVERSIBLE COMPENSADA LAMBDA-C 2000X2000MM;4816,63
KF11962;CAMPANA REVERSIBLE COMPENSADA  LAMBDA-C 2500X1000MM;4646,87
KF11963;CAMPANA REVERSIBLE COMPENSADA LAMBDA-C 2500X1200MM;4912,5
KF11964;CAMPANA REVERSIBLE COMPENSADA LAMBDA-C 2500X1500MM;5220,77
KF11965;CAMPANA REVERSIBLE COMPENSADA LAMBDA-C 2500X2000MM;5807,64
KF11966;CAMPANA REVERSIBLE COMPENSADA LAMBDA-C  3000X1000MM;5639,94
KF11967;CAMPANA REVERSIBLE COMPENSADA LAMBDA-C 3000X1200MM;6171,68
KF11968;CAMPANA REVERSIBLE COMPENSADA LAMBDA-C 3000X1500MM;6523,76
KF11969;CAMPANA REVERSIBLE COMPENSADA LAMBDA-C 3000X2000MM;7111,78
KF11970;CAMPANA REVERSIBLE COMPENSADA LAMBDA-C 4000X1000MM;7589,44
KF11971;CAMPANA REVERSIBLE COMPENSADA LAMBDA-C 4000X1200MM;7706,23
KF11972;CAMPANA REVERSIBLE COMPENSADA LAMBDA-C  4000X1500MM;7988,29
KF11973;CAMPANA REVERSIBLE COMPENSADA LAMBDA-C 4000X2000MM;8854,26
KF11975;CAMPANA REVERSIBLE CENTRAL LAMBDA  1500X1500MM;3410,43
KF11976;CAMPANA REVERSIBLE CENTRAL LAMBDA 1500X2000MM;3785,65
KF11977;CAMPANA REVERSIBLE CENTRAL LAMBDA 2000X1500MM;4360,05
KF11978;CAMPANA REVERSIBLE CENTRAL LAMBDA 2000X2000MM;4798,24
KF11979;CAMPANA REVERSIBLE CENTRAL LAMBDA 2000X2800MM;5936,78
KF11980;CAMPANA REVERSIBLE CENTRAL LAMBDA 2500X1500;5173,47
KF11981;CAMPANA REVERSIBLE CENTRAL LAMBDA 2500X2000MM;5686,2
KF11982;CAMPANA REVERSIBLE CENTRAL LAMBDA 2500X2800MM;6825,99
KF11983;CAMPANA REVERSIBLE CENTRAL LAMBDA 3000X1500MM;6090,98
KF11984;CAMPANA REVERSIBLE CENTRAL LAMBDA 3000X2000MM;6655,1
KF11985;CAMPANA REVERSIBLE CENTRAL LAMBDA 3000X2800MM;8496,51
KF11986;CAMPANA REVERSIBLE CENTRAL LAMBDA  3500X1500MM;7040,6
KF11987;CAMPANA REVERSIBLE CENTRAL LAMBDA  3500X2000MM;7667,68
KF11988;CAMPANA REVERSIBLE CENTRAL LAMBDA 3500X2800MM;9856,05
KF11989;CAMPANA REVERSIBLE CENTRAL LAMBDA 4000X1500MM;7990,23
KF11990;CAMPANA REVERSIBLE CENTRAL LAMBDA 4000X2000MM;8680,28
KF11991;CAMPANA REVERSIBLE CENTRAL LAMBDA  4000X2800MM;10859,65
KF11992;CAMPANA REVERSIBLE CENTRAL LAMBDA 5000X1500MM;9618,33
KF11993;CAMPANA REVERSIBLE CENTRAL LAMBDA 5000X2000MM;10453,61
KF11994;CAMPANA REVERSIBLE CENTRAL LAMBDA 5000X2800MM;12784,6
